Cliente_ID;Login_Contrato_ID;Login_Plano_ID;Login_Login;Login_Senha_Cliente;Obs_Cliente;End_CEP;End_Logradouro;End_Numero;End_Bairro;End_Cidade_ID;End_Cidade;End_Referencia;status;mensagem
55;1206;4;REDE_WAN_UNID_AGRESTINA;1234;"PARCEIRO:
DATA DE ATIVAÇÃO LINK:
DATA VALIDAÇÃO CLIENTE:
DESIGNADOR:
 ";55495-000;SEVERINO PIMENTEL MAGALHAES;54 A;CENTRO;1467;AGRESTINA - PE;;processado;
55;1206;4;REDE_WAN_UNID_AROEIRAS;1234;"PARCEIRO:
DATA DE ATIVAÇÃO LINK:
DATA VALIDAÇÃO CLIENTE:
DESIGNADOR:
 ";58489-000;ZEFERINO DE PAULA;127;CENTRO;1258;AROEIRAS - PB;;processado;"Message: 

Timed out after 10s, while waiting for:
browser.element(('css selector', '#login')).click

Reason: ElementClickInterceptedException: element click intercepted: Element <input class=""ixc-fields disab"" variant=""text"" size=""md"" name=""login"" id=""login"" data-caixa-baixa=""true"" type=""text"" autocomplete=""off"" required=""required"" maxlength=""50"" style=""width: 300px;""> is not clickable at point (644, 467). Other element would receive the click: <div data-display=""SEMIDEDICADO_20MB_ICMS20_LUCROPRESUMIDO"" data-id=""1"" class=""autocomplete-active"">...</div>
  (Session info: chrome=143.0.7499.41); For documentation on this error, please visit: https://www.selenium.dev/documentation/webdriver/troubleshooting/errors#elementclickinterceptedexception
Screenshot: file://C:\Users\elias.neto\.selene\screenshots\1765828448484\1765828448484.png
PageSource: file://C:\Users\elias.neto\.selene\screenshots\1765828448484\1765828448484.html
"
55;1206;4;REDE_WAN_UNID_BAYEUX;1234;"PARCEIRO:
DATA DE ATIVAÇÃO LINK:
DATA VALIDAÇÃO CLIENTE:
DESIGNADOR:
 ";58111-400;LIBERDADE;S/N;CENTRO;1266;BAYEUX - PB;;processado;
55;1206;4;REDE_WAN_UNID_BOCAIUVA;1234;"PARCEIRO:
DATA DE ATIVAÇÃO LINK:
DATA VALIDAÇÃO CLIENTE:
DESIGNADOR:
 ";39390-000;ANTONIO FROES;77;CENTRO;2320;BOCAIUVA - MG;;processado;
55;1206;4;REDE_WAN_UNID_CAAPORA;1234;"PARCEIRO:
DATA DE ATIVAÇÃO LINK:
DATA VALIDAÇÃO CLIENTE:
DESIGNADOR:
 ";58326-000;TANCREDO NEVES;552;CENTRO;1280;CAAPORA - PB;;processado;"ERRO: Message: 

Timed out after 10s, while waiting for:
browser.element(('css selector', '#login')).click

Reason: ElementClickInterceptedException: element click intercepted: Element <input class=""ixc-fields disab"" variant=""text"" size=""md"" name=""login"" id=""login"" data-caixa-baixa=""true"" type=""text"" autocomplete=""off"" required=""required"" maxlength=""50"" style=""width: 300px;""> is not clickable at point (648, 467). Other element would receive the click: <div data-display=""SEMIDEDICADO_20MB_ICMS20_LUCROPRESUMIDO"" data-id=""1"" class=""autocomplete-active"">...</div>
  (Session info: chrome=143.0.7499.109); For documentation on this error, please visit: https://www.selenium.dev/documentation/webdriver/troubleshooting/errors#elementclickinterceptedexception
Screenshot: file:///root/.selene/screenshots/1765890522428/1765890522428.png
PageSource: file:///root/.selene/screenshots/1765890522428/1765890522428.html
"
55;1206;4;REDE_WAN_UNID_CABO_DE_SANTO_AGOSTINHO;1234;"PARCEIRO:
DATA DE ATIVAÇÃO LINK:
DATA VALIDAÇÃO CLIENTE:
DESIGNADOR:
 ";54510-360;HISTORIADOR PEREIRA COSTA;804;CENTRO;1494;CABO DE SANTO AGOSTINHO - PE;;processado;"ERRO: Message: 

Timed out after 10s, while waiting for:
browser.element(('css selector', '#login')).click

Reason: ElementClickInterceptedException: element click intercepted: Element <input class=""ixc-fields disab"" variant=""text"" size=""md"" name=""login"" id=""login"" data-caixa-baixa=""true"" type=""text"" autocomplete=""off"" required=""required"" maxlength=""50"" style=""width: 300px;""> is not clickable at point (648, 467). Other element would receive the click: <div data-display=""SEMIDEDICADO_20MB_ICMS20_LUCROPRESUMIDO"" data-id=""1"" class=""autocomplete-active"">...</div>
  (Session info: chrome=143.0.7499.109); For documentation on this error, please visit: https://www.selenium.dev/documentation/webdriver/troubleshooting/errors#elementclickinterceptedexception
Screenshot: file:///root/.selene/screenshots/1765890522428/1765890522429.png
PageSource: file:///root/.selene/screenshots/1765890522428/1765890522429.html
"
